file,type
1916440.html,swap
1908022.html,swap
1916459.html,diff_pos
1907591.html,diff_pos
1908713.html,expand
1916391.html,expand
1916264.html,expand
1917175.html,expand
1907587.html,expand
1916292.html,expand
1915889.html,expand
1908720.html,expand
1916451.html,expand
1916438.html,expand
1906760.html,shrink
1916097.html,shrink
1917183.html,shrink
1908825.html,shrink
1916649.html,shrink
1917804.html,shrink
1915888.html,shrink
1915881.html,shrink
1915897.html,shrink
1916846.html,shrink
1916394.html,random
1910394.html,random
1907579.html,random
1908823.html,random
1916471.html,random
